nan
nan
portugal, douro
portugal, douro 
nan
nan
áfrica
portugal, europa, albarrota, barcelos, bragança, tunes(tunisia),granada(espanha), marrocos, fez(marrocos), brasil, guiné, guanabara(rio br), ouangara(Uangara africa), palmela(pt?), sintra(pt), tijuca(bairro r.jan)
nan
nan
gôa(india), portugal
paris
argentina
nan
nan
nan
brasil, pernambuco
brasil
brasil, santa cruz, Amazonas(rio), Prata(estuário), rio grande, pará, portugal, ipiranga(rio em SP)
brasil
alemanha
europa
brasil
brasil
brasil
nan
villa-nova(aldeia st.ant. sergipe, neopolis), sergipe
bahia, itália
brasil
europa, ásia
nan
nan
nan
guaratiba (bairro,RJ)
brasil, itália
nan
pernambuco
nan
atins(vila br), europa, brasil, maranhão
nan
corrientes(argentina), brasil, paraná(estado)
corrientes(argentina)
nan
nan
alcantara(lisb)
nan
nan
nan
nan
maranhão
nan
caxias(maranhão), guanabara(praias, rj), tejo(rio?), brasil
maranhão
portugal
brasil, itajuba(MG)
himalaia, europa, atenas
maranhão, brasil
brasil
maranhão
athenas, roma, maranhão
cabrobó(br pernambuco), ipú(nordeste Ceará), aracati (Ceará), mecejana(bairro boa vista br), guagirú(trairi Ceará), jericó(Cisjordânia)
maranhão, europa
nan
novo exu (VILA NOVO EXU, Parambu, Ceará), são francisco(rio, bahia), curaçá(bahia), araripe(Ceará), sergipe(estado)
nan
nan
ganges(rio india)
brasil, paraná(rio), grão-pará(antiga, Amazonas, Pará, Roraima e Amapá), douro(pt), tejo(pt), amazonas(rio), são francisco(rio)
nan
nan
guiné
nan
ribeirão(SP), rio de contas(bahia)
nan
nan
boa vista(Roraima)
nan
nan
paranaguá(paraná)
nan
nan
ceará, sobral(ceará)
nan
manassú(rio?)
nan
piaui, suzano(sp), traipu(alagoas), urupemba(st.catarina), alagoas, floriano(piauí)
brasil
nan
nan
nan
nan
nan
nan
nan
nan
nan
nan
nordeste brasileiro
brasil
nan
nan
mooca(bairro, SP)
nan
ipiranga(SP), brasil
nan
ingraterra
rua halfeld(cidade juiz de fora, minas gerais)
nan
alemanha
senegal(pais), pampas do sul(Rio Grande do Sul), grã-pará
brasil
nan
pindorama (brasil em tupi), santa cruz, brasil
nan
guanabara (baía), tejo(rio, pt), europa, américa do sul
nan
nan
são paulo
nan
joazeiro(bahia)
nan
nan
serra da buretama(ceará), mundahú(praia, trairi, ceará)
nan
europa, frança, bahia, paris, torre eiffel, sena(rioparis), mancha(canaldamancha)londres, hamburgo(alemanha), itália, suiça, turquia, rússia, moscou
são paulo
califórnia, veneza, brasil 
nan
brasil
nan
frança, paraná(estado)
nan
são joão da barra(RJ), foz da paraíba
brasil
brasil
nan
portugal, ameal(coimbra), fial(tondela, pt), calvães(albergaria-a-velha), beduído(estarreja), paus(albergaria-a-velha)
nan
nan
nan
bahia
nan
copacabana(bairro, RJ)
brasil
são paulo, anhangabaú(SP)
brasil
nan
nan
nan
nan
nan
nan
nan
Palmeiras (sociedade esportiva palmeiras, SP)
brasil, moema(?MG), iracema(Ceará-praia ou municipio?)
alagoas
massangana de nabuco(Engenho Massangana, pernambuco), pernambuco, muribara(bairro, s. lourenço da mata), alagoas, minas gerais
nan
olinda(município PE), brasil, são pedro(RJ)
alagoas(estado), brasil
portugal, brasil, atlântico
bahia(estado), brasil, cruzeiro do sul(municipio), mantiqueria(serra)
alagoas(estado)
nan
nan
nan
nan
brasil 
Maine(estado EUA), Nova Inglaterra(região eua), brasil
nan
ceará
nan
Leme(município), praia do flamengo(RJ), Leblon(Rj), Jacarepaguá(rj), lapa(rj), piedade(rj), encantado(rj), engenho novo(rj), Maria angu(rj), Irajá(rj), ilha de paquetá(rj) 
maringá(parana) 
nan 
juqueri(SP)
nan
maranhão
nan
belo horizonte(mg), paraopeba(mg)
nan 
são paulo 
nan
nan
nan
brasil
nan
rio, são Paulo, porto geral(corumbá)
nan
paraná
nan
Pau-Brasil, Brasil, Ilha, terra, da vera, da santa cruz, São sebastião do rio de janeiro, cidade do rio de janeiro, cidade do rio, rio, Copacabana(rj), arpoador(rj), Brasília, amazonas, Guanabara(estado)
brasília, paranoá(região administrativa), rio, juá(ceará)
nan
nan
nan
campo de Santana(rj), brasil, laranjeiras(rj)
amazonas(rio), rio oceano, Ajuricaba(barcelos) 
rio
portugal, douro 
nan
nan
nan
nan
piauí, paris 
são luís do maranhão(município), baía de são Marcos, sacavém, Ponta da areia, São Joao de Ribamar, alcântara, anil, rua dos afogados(s luis), Angola, rua do alecrim, campos de ourique, praça gonçalves dias, atenas brasileira(s luis), praça joão Lisboa, praia grande, são benedito
são Paulo, brasil
rio negro, amazonas
n/a 
brasil
belém, pará, brasil
nan
são tomé
nan
nan
serra do onça(mg), mutum(mg), morro escuro, queixadas, sete cachoeiras, bananal, lava, piçarão, cobras, toco, alegre, mumbaça, abóboras, quenta-sol, botas
lençois, aracagi, maranhão
nan
argentina, brasil
nan
pernambuco, Beberibe(ceará)
amazônia, índias
nan
nan
nan
nan
rincão(sp) 
nan
curitiba, belém
nan
nan
nan
nan
nan
brasil, madrid, europa
lisboa
nan
nan
paris, Turquia, rio pó, nova Iorque, central parque, rabá, alemanhas, arábia, Canadá, Calcutá, roma, Inglaterra, maranhão, Alentejo, brasil, portugal
nan
curitiba
nan
nan
nova York, países baixos, Austrália, brasil, ouro preto(mg), sul(mg), santos, são josé do rio preto, camps de jordão, angra, parati, bahia, baixa do sapateiro
sodoma, gomorra
ibirapuera(sp), catedral, marco zero, praça da sé, largo do Arouche, serra do mar
maceió(alagoas), ilha de marajó, pantanal
nan
guaíba
nan
nordeste, SP
brasil, maranhão, boa vista, pintolândia, beiral, asa branca, cambará, anauá
Sampa(sp), São Paulo, Ibirapuera, brasil, américa do sul, europa, américa, itararé, avenida águas espraiadas, haiti
itararé, brasil, são Pedro de itararé, são Paulo, Itapeva, corisco, rio de janeiro
nan
nan
nan
nan
campinas, cidade das andorinhas(campinas)
nan
são luís
nan
nan
brasil
nan
nan
nan
nan
nan
nan
nan
nan
nan
indochina, vietnã, morro da babilônia, afeganistão, água santa, Saigon
nan
plano piloto(brasilia), guará(sp), Taguatinga, cruzeiro, paranoá, brasília
brasílias
são paulo
nan
nan
nan
nan
nan
nan
nan
nan
nan
brasil
bahia
nan
nan
nan
nan
floripa
maranhão
brasil
nan
nan
nan
nan
nan
nan
são Fernão, moscou
nan
são paulo, brasil
nan
brasil
nan
manari
nan
são luiz, ilha do amor, maranhão
caxias do sul, rincão
pasárgada
nan
nan
nan
itapecuru 
japão, liberdade, Itália, bixiga, sum palo
bahia
nan
nan
nan
massaranduba, lagoa salgada(município), poço doce, timbaúba, croa grande, macajubá, itarema, jericoacoara, poço de onça, caiçara, Camocim, angico, genipapeiro, gijoca
nan
brasil 
rio, rio de janeiro, Copacabana, lagoa, brasil, ceará
japan, são paulo
nan
nan
nan
nan
nan
nan
sabará
nan
nan
nan
nan
nan
nan
nan
brasil, nova guiné
ibitiá
nan
brasília, são luis do maranhão, brasil
nan
nan
nan
bahia, bambui, caxias, zanzibar, china, veneza
nan
nan
maranhão
nan
nan
nan
nan
borá(município), sacramento(mg), jaguara, brasil
brasil, bahia
nan
nan
nan
nan
nan
nan
nan
nan
brasil
jacarepaguá, paissandu
nan
nan
nan
várzea das flores
nan
nan
nan
nan
nan
beco da lama
nan
nan
nan
nan
nan
nan
ceará
nan
nan
brasil
nan
nan
nan
nan
nan
nan
nan
nan
nan
nan
nan
nan
nan
nan
nan
nan
nan
jaboatão
nan
nan
nan
nan
nan
nan
nan
brasil
havay
nan
nan
nan
nan
nan
nan
nan
nan
nan
jaboatão
nan
nan
nan
cidade ssa
nan
nan
nan
nan
nan
nan
nan
tocantins
nan
nan
nan
nan
nan
nan
nan
jaboatão
ceará
nan
nan
nan
nan
nan
nan
nan
nan
nan
nan
nan
nan
nan
pará
nan
nan
nan
pará
nan
nan
brasil
nan
nan
nan
canadá, bahia
nan
nan
nan
nan
nan
nan
nan
nan
nan
nan
nan
nan
nan
síria 
nan
nan
nan
nan
nan
nan
nan
cruzeiro do sul
nan
nan
cipó
nan
américa do sul, guarani, guaraná, santa cruz
ponta de areia, maranhão
nan
nan
nan
nan
nan
nan
nan
nan
nan
nan
nan
brasil
imbituba, brasil, canadá
nan
nan
brasil
nan
brasil
nan
nan
nan
nan
brasil
brasil
brasil
amazônia
nan
nan
nan
brasil
praia do rosa
nan
nan
nan
nan
nan
nan
nan
nan
nan
portugal, brasil
brasil
nan
brasil
nan
nan
nan
minas, cruzeiro
nan
nan
nan